{
  "test_accuracy": 0.831041257367387,
  "best_validation_accuracy": 84.28290766208251,
  "final_train_accuracy": 77.66863130320891,
  "classification_report": {
    "glass": {
      "precision": 0.8118811881188119,
      "recall": 0.82,
      "f1-score": 0.8159203980099502,
      "support": 100.0
    },
    "metal": {
      "precision": 0.7216494845360825,
      "recall": 0.8536585365853658,
      "f1-score": 0.7821229050279329,
      "support": 82.0
    },
    "Organic": {
      "precision": 0.9230769230769231,
      "recall": 0.8888888888888888,
      "f1-score": 0.9056603773584906,
      "support": 108.0
    },
    "paper": {
      "precision": 0.8244274809160306,
      "recall": 0.8852459016393442,
      "f1-score": 0.8537549407114624,
      "support": 122.0
    },
    "plastic": {
      "precision": 0.881578947368421,
      "recall": 0.6907216494845361,
      "f1-score": 0.7745664739884393,
      "support": 97.0
    },
    "accuracy": 0.831041257367387,
    "macro avg": {
      "precision": 0.8325228048032539,
      "recall": 0.8277029953196269,
      "f1-score": 0.8264050190192551,
      "support": 509.0
    },
    "weighted avg": {
      "precision": 0.8372278876279768,
      "recall": 0.831041257367387,
      "f1-score": 0.8307043015946551,
      "support": 509.0
    }
  },
  "confusion_matrix": [
    [
      82,
      10,
      0,
      4,
      4
    ],
    [
      6,
      70,
      1,
      3,
      2
    ],
    [
      2,
      2,
      96,
      7,
      1
    ],
    [
      1,
      5,
      6,
      108,
      2
    ],
    [
      10,
      10,
      1,
      9,
      67
    ]
  ]
}