{
  "train_loss": [
    0.575457033701241,
    0.339057639396439,
    0.2940300451591611,
    0.2504825545474887,
    0.20333867419200638,
    0.17494124251728257,
    0.16732330496112505,
    0.14499656378757209,
    0.12958642452334365,
    0.12855314950381094
  ],
  "train_acc": [
    51.538965291421086,
    63.71971185330714,
    66.60117878192534,
    68.82776686313032,
    72.56057629338572,
    75.18009168303864,
    75.6385068762279,
    77.40667976424362,
    76.94826457105435,
    77.66863130320891
  ],
  "val_loss": [
    0.22882996732369065,
    0.16282014083117247,
    0.12256986368447542,
    0.09864996571559459,
    0.09412724105641246,
    0.08052635140484199,
    0.07215470523806289,
    0.06965303630568087,
    0.06267172028310597,
    0.0651417396729812
  ],
  "val_acc": [
    71.90569744597249,
    76.42436149312377,
    77.01375245579568,
    82.5147347740668,
    81.33595284872298,
    82.71119842829077,
    84.28290766208251,
    83.88998035363458,
    83.88998035363458,
    83.10412573673871
  ]
}